#BED Chromosome	BED Min.Position	BED Max.Position	BED Name	Filename	WindowIndex	Chromosome	Position	Sequence	+.mi	-.mi	bi.sum.mi	bi.geometric_mean.mi	+.total	-.total	total.sum	total.geometric_mean	primer1.mi	primer2.mi	primer.geometric_mean	position.stdev	Off-Target Sequence	Mismatches	Length	BED off-target Chromosome	BED off-target start	BED off-target end	BED off-target name	BED Score	Strand	Cells	Targetsite	Target Sequence
chr1	23720617	23720619	chr1_23720618_87	EMX1	40	1	23720618	GCCTGAGAGCTCCAGAACCCTTTCTTCCTCTCCTCGGACTTCTACAGGAG	46	41	87	43.4281015012	70	168	238	108.443533694	6	75	21.2132034356	0.816496580927726	AAGTCCGAGGAGAGGAAGAAAGG	3	23	chr1	23720611	23720634	chr1_23720618_87	1	-	GUIDE-Seq, Cas9 nuclease + oligo, EMX1	EMX1	GAGTCCGAGCAGAAGAAGAANGG	
chr1	121484806	121484816	chr1_121484811_56	EMX1	290	1	121484811	CTCACAGAGTTGAACGTTCCCTTAGACAGAGCAGATTTGAAACACTCTAT	51	5	56	15.9687194227	357	7	364	49.9899989998	5	47	15.3297097168	3.5619517121937516										GUIDE-Seq, Cas9 nuclease + oligo, EMX1	EMX1	GAGTCCGAGCAGAAGAAGAANGG	
chr1	121485396	121485408	chr1_121485396_252	EMX1	301	1	121485396	AGACCTCCTTGAGGCCTTCGTTGGAAACGGGATTTCTTCATATTCTGCTA	251	1	252	15.8429795178	1732	1	1733	41.6173040934	235	1	15.3297097168	5.2493385826745405										GUIDE-Seq, Cas9 nuclease + oligo, EMX1	EMX1	GAGTCCGAGCAGAAGAAGAANGG	
chr1	236260428	236260454	chr1_236260454_5	EMX1	531	1	236260454	TGGAGCAGGTGGCCAGGGGTGACTCAGAATGGAGCAGGCGGCCAGGGGTG	1	4	5	2.0	1	4	5	2.0	0	5	0.0	9.522998477370455										GUIDE-Seq, Cas9 nuclease + oligo, EMX1	EMX1	GAGTCCGAGCAGAAGAAGAANGG	
chr1	236260553	236260563	chr1_236260556_13	EMX1	534	1	236260556	GGGGTGACTCAGAATGGAGCAGGCGGCCAGGGGTGACTCAGAATGGAGCA	13	0	13	0.0	128	0	128	0.0	10	2	4.472135955	3.960744879438715										GUIDE-Seq, Cas9 nuclease + oligo, EMX1	EMX1	GAGTCCGAGCAGAAGAAGAANGG	
chr1	236260576	236260590	chr1_236260590_8	EMX1	535	1	236260590	GACTCAGAATGGAGCAGGTGGCCAGGGGTGACTCAGAATGGAGCAGGTGG	7	1	8	2.64575131106	7	1	8	2.64575131106	1	6	2.44948974278	4.633812924819282										GUIDE-Seq, Cas9 nuclease + oligo, EMX1	EMX1	GAGTCCGAGCAGAAGAAGAANGG	
chr1	236260603	236260619	chr1_236260603_129	EMX1	536	1	236260603	GCAGGTGGCCAGGGGTGACTCAGAATGGAGCAGGTGGCCAGGGGTGACTC	128	1	129	11.313708499	907	1	908	30.1164406928	118	2	15.3622914957	6.015604707757983										GUIDE-Seq, Cas9 nuclease + oligo, EMX1	EMX1	GAGTCCGAGCAGAAGAAGAANGG	
chr1	236260638	236260657	chr1_236260653_25	EMX1	537	1	236260653	AGAATGGAGCAGGCGACCAGGGGTGACTCAGAATGGAGCAGGTGACCAGG	20	5	25	10.0	51	5	56	15.9687194227	5	18	9.48683298051	5.216042617896826										GUIDE-Seq, Cas9 nuclease + oligo, EMX1	EMX1	GAGTCCGAGCAGAAGAAGAANGG	
chr1	236260677	236260709	chr1_236260677_24	EMX1	538	1	236260677	GACTCAGAATGGAGCAGGTGACCAGGGGTGACTCAGAATGGAGCAGGTGA	8	16	24	11.313708499	34	58	92	44.4072066223	16	7	10.5830052443	9.889388252060893										GUIDE-Seq, Cas9 nuclease + oligo, EMX1	EMX1	GAGTCCGAGCAGAAGAAGAANGG	
chr10	58848728	58848728	chr10_58848728_2	EMX1	720	10	58848728	TATGGCCAGAGCACGAGCAAGAGAAGAAGGGAGGCTACCACAACACACAC	1	1	2	1.0	1	1	2	1.0	1	1	1.0	0.0	GAGCACGAGCAAGAGAAGAAGGG	4	23	chr10	58848711	58848734	chr10_58848728_2	1	+	GUIDE-Seq, Cas9 nuclease + oligo, EMX1	EMX1	GAGTCCGAGCAGAAGAAGAANGG	
chr11	71387775	71387775	chr11_71387775_2	EMX1	1087	11	71387775	CTTAGCACCCAACTGATCTTCAGCAAAGTAAACAAAAACAAAGTAGAGAA	0	2	2	0.0	0	2	2	0.0	1	1	1.0	0.0										GUIDE-Seq, Cas9 nuclease + oligo, EMX1	EMX1	GAGTCCGAGCAGAAGAAGAANGG	
chr12	95593	95614	chr12_95614_25	EMX1	1247	12	95614	GGGTAGGGTTAGGGTTAGGGTTAGGGTTAGGGTTAAGGTTAGGGTTAGGG	25	0	25	0.0	34	0	34	0.0	10	12	10.9544511501	6.53356717268599										GUIDE-Seq, Cas9 nuclease + oligo, EMX1	EMX1	GAGTCCGAGCAGAAGAAGAANGG	
chr12	95645	95656	chr12_95656_3	EMX1	1249	12	95656	GGTTAGGGTTAGGGTTAGGGTTAGGGTTAGGGTTAGGGTTAGGGTTAGGG	1	2	3	1.41421356237	1	2	3	1.41421356237	1	1	1.0	4.496912521077347										GUIDE-Seq, Cas9 nuclease + oligo, EMX1	EMX1	GAGTCCGAGCAGAAGAAGAANGG	
chr12	29944357	29944365	chr12_29944365_2	EMX1	1354	12	29944365	ACATGAAACATGCACACTACGTGTATACATCATGCATTCATGCTACATGC	1	1	2	1.0	2	1	3	1.41421356237	2	0	0.0	4.0										GUIDE-Seq, Cas9 nuclease + oligo, EMX1	EMX1	GAGTCCGAGCAGAAGAAGAANGG	
chr12	29945116	29945125	chr12_29945121_38	EMX1	1367	12	29945121	ACAACATAACAGTATGCCCACTGCATGCGTAAAGCATATATGCCCATGTG	23	15	38	18.574175621	219	177	396	196.883214114	20	14	16.7332005307	3.681787005729087										GUIDE-Seq, Cas9 nuclease + oligo, EMX1	EMX1	GAGTCCGAGCAGAAGAAGAANGG	
chr12	29945297	29945305	chr12_29945301_19	EMX1	1369	12	29945301	CAAGCCACATGTGCAAAACATGCGAACATGTGTACAGCATACAATCCTGA	19	0	19	0.0	94	0	94	0.0	3	16	6.92820323028	3.265986323710904										GUIDE-Seq, Cas9 nuclease + oligo, EMX1	EMX1	GAGTCCGAGCAGAAGAAGAANGG	
chr12	29945792	29945801	chr12_29945801_12	EMX1	1378	12	29945801	ACTGCATGATGCAGCATGTAAGCTACATGCATGGCACACGTTGCCACATG	1	11	12	3.31662479036	1	46	47	6.78232998313	12	0	0.0	4.5										GUIDE-Seq, Cas9 nuclease + oligo, EMX1	EMX1	GAGTCCGAGCAGAAGAAGAANGG	
chr12	29946104	29946132	chr12_29946122_100	EMX1	1383	12	29946122	TTATGTGCTGCGACATCCGCATGGCATATGTGCCACATTAATAATAAATG	8	92	100	27.1293199325	32	691	723	148.701042364	81	8	25.4558441227	9.104333522498443										GUIDE-Seq, Cas9 nuclease + oligo, EMX1	EMX1	GAGTCCGAGCAGAAGAAGAANGG	
chr12	29946153	29946158	chr12_29946153_44	EMX1	1384	12	29946153	GCCACATTAATAATAAATGCACACTGCATGCCACAACAACTAAGCTATAT	41	3	44	11.0905365064	302	23	325	83.3426661441	37	3	10.5356537529	2.5										GUIDE-Seq, Cas9 nuclease + oligo, EMX1	EMX1	GAGTCCGAGCAGAAGAAGAANGG	
chr12	29946209	29946224	chr12_29946214_11	EMX1	1385	12	29946214	GCACACTACATGCTACAGCATGCAAGCTACATGCATACATTCTTGTAGCA	0	11	11	0.0	0	74	74	0.0	8	2	4.0	6.236095644623236										GUIDE-Seq, Cas9 nuclease + oligo, EMX1	EMX1	GAGTCCGAGCAGAAGAAGAANGG	
chr12	29946486	29946492	chr12_29946486_83	EMX1	1390	12	29946486	AACCTACATGCTTTTAACATGCTTGCTGCATACTGCAACATGCAAGCTAC	3	80	83	15.4919333848	6	403	409	49.1731634126	82	0	0.0	3.0										GUIDE-Seq, Cas9 nuclease + oligo, EMX1	EMX1	GAGTCCGAGCAGAAGAAGAANGG	
chr13	27769657	27769657	chr13_27769657_8	EMX1	1656	13	27769657	GGAGGAGGGAGTAGGAGCAGGAGAAGAAGGAGGAAGATGACCAGGAGTAT	3	5	8	3.87298334621	20	39	59	27.9284800875	5	3	3.87298334621	0.0	GAGTAGGAGCAGGAGAAGAAGGA	4	23	chr13	27769640	27769663	chr13_27769657_8	1	+	GUIDE-Seq, Cas9 nuclease + oligo, EMX1	EMX1	GAGTCCGAGCAGAAGAAGAANGG	
chr15	44109738	44109773	chr15_44109763_1412	EMX1	2178	15	44109763	GTAGACAAGAGTCTAAGCAGAAGAAGAAGAGAGCCACTACCCAACCATCT	819	593	1412	696.898127419	3657	3053	6710	3341.38010409	686	624	654.266000951	9.048122021211178	GAGTCTAAGCAGAAGAAGAAGAG	3	23	chr15	44109746	44109769	chr15_44109763_1412	1	+	GUIDE-Seq, Cas9 nuclease + oligo, EMX1	EMX1	GAGTCCGAGCAGAAGAAGAANGG	
chr15	44109793	44109801	chr15_44109798_5	EMX1	2179	15	44109798	ACTACCCAACCATCTACTCTTCTAATGGTGTTTTCCTACAAAGGCCAAGT	5	0	5	0.0	5	0	5	0.0	2	2	2.0	3.2998316455372216										GUIDE-Seq, Cas9 nuclease + oligo, EMX1	EMX1	GAGTCCGAGCAGAAGAAGAANGG	
chr15	47828877	47828883	chr15_47828877_5	EMX1	2196	15	47828877	ATGAATATTGAGAAAATAAAATGTAGTTAAGAACAAAACATACAATCAGC	5	0	5	0.0	49	0	49	0.0	1	3	1.73205080757	3.0										GUIDE-Seq, Cas9 nuclease + oligo, EMX1	EMX1	GAGTCCGAGCAGAAGAAGAANGG	
chr15	100292478	100292479	chr15_100292479_7	EMX1	2353	15	100292479	TGGAAGGAAGTCCCGGCAGAGGAAGAAGGGGCTGAGGCTGTGAGCAAGTG	3	4	7	3.46410161514	13	13	26	13.0	0	6	0.0	0.5	AAGTCCCGGCAGAGGAAGAAGGG	4	23	chr15	100292461	100292484	chr15_100292479_7	1	+	GUIDE-Seq, Cas9 nuclease + oligo, EMX1	EMX1	GAGTCCGAGCAGAAGAAGAANGG	
chr17	63966095	63966102	chr17_63966095_7	EMX1	2738	17	63966095	ATATTAAATGTATGTATAACATGCATATCACACGCATGTTACACACATAT	5	2	7	3.16227766017	45	4	49	13.416407865	7	0	0.0	3.5										GUIDE-Seq, Cas9 nuclease + oligo, EMX1	EMX1	GAGTCCGAGCAGAAGAAGAANGG	
chr17	63966125	63966131	chr17_63966131_6	EMX1	2739	17	63966131	TGTTACACACATATCACATGTGTATTGCGAACATGCACGCCACATGCATA	1	5	6	2.2360679775	1	22	23	4.69041575982	5	0	0.0	3.0										GUIDE-Seq, Cas9 nuclease + oligo, EMX1	EMX1	GAGTCCGAGCAGAAGAAGAANGG	
chr17	63966399	63966403	chr17_63966401_53	EMX1	2742	17	63966401	CACATATTACATGCATGTATGTAGCATGGATGTCATACTGCATGTGTATC	2	51	53	10.0995049384	2	51	53	10.0995049384	2	49	9.89949493661	1.479019945774904										GUIDE-Seq, Cas9 nuclease + oligo, EMX1	EMX1	GAGTCCGAGCAGAAGAAGAANGG	
chr17	63966602	63966603	chr17_63966603_2	EMX1	2746	17	63966603	CACACATGCATGTATATTACATGCATGCACACTACATGCATATTATATGC	2	0	2	0.0	28	0	28	0.0	1	1	1.0	0.5										GUIDE-Seq, Cas9 nuclease + oligo, EMX1	EMX1	GAGTCCGAGCAGAAGAAGAANGG	
chr17	63967089	63967092	chr17_63967092_6	EMX1	2751	17	63967092	ATACCTATTACATGTTGGCCAGGCTGATTTTAAAAAACTTTGTAAAGGGC	0	6	6	0.0	0	87	87	0.0	5	1	2.2360679775	1.5										GUIDE-Seq, Cas9 nuclease + oligo, EMX1	EMX1	GAGTCCGAGCAGAAGAAGAANGG	
chr17	63967309	63967315	chr17_63967315_9	EMX1	2755	17	63967315	CACATGTACAGCACATGCATATCACATTGCACGTATGTATATCACATGTA	9	0	9	0.0	23	0	23	0.0	1	7	2.64575131106	3.0										GUIDE-Seq, Cas9 nuclease + oligo, EMX1	EMX1	GAGTCCGAGCAGAAGAAGAANGG	
chr18	63766	63778	chr18_63770_7	EMX1	2812	18	63770	CTAACCCTAGCCCTAACCCTAACCCTAGCCCTAGCCTTAGCCCTAACCGT	0	7	7	0.0	0	7	7	0.0	2	3	2.44948974278	4.437059837324712										GUIDE-Seq, Cas9 nuclease + oligo, EMX1	EMX1	GAGTCCGAGCAGAAGAAGAANGG	
chr18	37381746	37381768	chr18_37381759_307	EMX1	2922	18	37381759	GTCATATATGGCATATGTGTACCATATATCTCTGGCGTTTGTCATGTGTG	307	0	307	0.0	346	0	346	0.0	277	10	52.6307894678	8.0										GUIDE-Seq, Cas9 nuclease + oligo, EMX1	EMX1	GAGTCCGAGCAGAAGAAGAANGG	
chr18	37381818	37381826	chr18_37381826_25	EMX1	2924	18	37381826	ATCACACGCTAATGCATGTTATGTGCGACATGTGACATGCATGTGTCATG	2	23	25	6.78232998313	3	160	163	21.9089023002	23	0	0.0	3.265986323710904										GUIDE-Seq, Cas9 nuclease + oligo, EMX1	EMX1	GAGTCCGAGCAGAAGAAGAANGG	
chr2	9877829	9877830	chr2_9877830_30	EMX1	3156	2	9877830	CAGTACCTCCCACTCCCCCAGTGCCCCCCACTCCTCCTAGTACCCCCATT	30	0	30	0.0	30	0	30	0.0	2	26	7.21110255093	0.5										GUIDE-Seq, Cas9 nuclease + oligo, EMX1	EMX1	GAGTCCGAGCAGAAGAAGAANGG	
chr2	9877850	9877853	chr2_9877850_89	EMX1	3157	2	9877850	GTGCCCCCCACTCCTCCTAGTACCCCCATTCCCTCTAGTACCCCTGACTC	0	89	89	0.0	0	449	449	0.0	79	8	25.13961018	1.118033988749895										GUIDE-Seq, Cas9 nuclease + oligo, EMX1	EMX1	GAGTCCGAGCAGAAGAAGAANGG	
chr2	73160965	73160975	chr2_73160975_5	EMX1	3393	2	73160975	CAAACGGCAGAAGCTGGAGGAGGAAGGGCCTGAGTCCGAGCAGAAGAAGA	1	4	5	2.0	1	7	8	2.64575131106	5	0	0.0	4.109609335312651	GAGTCCGAGCAGAAGAAGA	3	23	chr2	73160981	73161004	chr2_73160975_5	1	+	GUIDE-Seq, Cas9 nuclease + oligo, EMX1	EMX1	GAGTCCGAGCAGAAGAAGAANGG	
chr2	73160988	73161028	chr2_73160998_4631	EMX1	3394	2	73160998	AAGGGCCTGAGTCCGAGCAGAAGAAGAAGGGCTCCCATCACATCAACCGG	2342	2289	4631	2315.34835392	8461	8204	16665	8331.509107	1945	2473	2193.16780024	10.26799971668378	GAGTCCGAGCAGAAGAAGAAGGG	0	23	chr2	73160981	73161004	chr2_73160998_4631	1	+	GUIDE-Seq, Cas9 nuclease + oligo, EMX1	EMX1	GAGTCCGAGCAGAAGAAGAANGG	
chr2	209041673	209041690	chr2_209041681_52	EMX1	3847	2	209041681	ATACATATCTGTATACATATCTGTATACATATGTATACATATATACAGAA	0	52	52	0.0	0	339	339	0.0	48	1	6.92820323028	6.944222218666553										GUIDE-Seq, Cas9 nuclease + oligo, EMX1	EMX1	GAGTCCGAGCAGAAGAAGAANGG	
chr2	218378107	218378108	chr2_218378107_3	EMX1	3868	2	218378107	ATTCAGACACGAACCTGACCCTTTATTCTCCTGCTTAGACTCCTTCACTG	1	2	3	1.41421356237	1	3	4	1.73205080757	1	2	1.41421356237	0.5	GAGTCTAAGCAGGAGAATAAAGG	4	23	chr2	218378101	218378124	chr2_218378107_3	1	-	GUIDE-Seq, Cas9 nuclease + oligo, EMX1	EMX1	GAGTCCGAGCAGAAGAAGAANGG	
chr2	219845000	219845004	chr2_219845004_2	EMX1	3873	2	219845004	CTAGACTCCGAGGGGAGGCTGCGAGCCGCAAGCGCAGGAGCCGGGTGGGA	0	2	2	0.0	0	2	2	0.0	1	1	1.0	2.0										GUIDE-Seq, Cas9 nuclease + oligo, EMX1	EMX1	GAGTCCGAGCAGAAGAAGAANGG	
chr2	219845069	219845078	chr2_219845072_727	EMX1	3874	2	219845072	CAAATGAGGAGGCCGAGCAGAAGAAAGACGGCGACAGATGTTGGGGGGAG	344	383	727	362.976583267	1406	1592	2998	1496.11229525	409	279	337.803197143	2.813959371941744	GAGGCCGAGCAGAAGAAAGACGG	3	23	chr2	219845055	219845078	chr2_219845072_727	1	+	GUIDE-Seq, Cas9 nuclease + oligo, EMX1	EMX1	GAGTCCGAGCAGAAGAAGAANGG	
chr2	242838654	242838671	chr2_242838654_64	EMX1	3933	2	242838654	GCGGGGGAAGGGGGTGTGGGTGAAGGGGGTGTGGGTGTTGGGGTGTGGGT	64	0	64	0.0	220	0	220	0.0	4	58	15.2315462117	6.847546194724712										GUIDE-Seq, Cas9 nuclease + oligo, EMX1	EMX1	GAGTCCGAGCAGAAGAAGAANGG	
chr2	242838710	242838717	chr2_242838717_13	EMX1	3934	2	242838717	TGTTGGGGTGTGTGTGTTGGGGTGTGGGTGTGGGGGTGTGGGTGTTGGGG	10	3	13	5.47722557505	37	5	42	13.6014705087	0	13	0.0	2.692582403567252										GUIDE-Seq, Cas9 nuclease + oligo, EMX1	EMX1	GAGTCCGAGCAGAAGAAGAANGG	
chr2	242838731	242838736	chr2_242838736_3	EMX1	3935	2	242838736	GGGTGTGGGTGTGGGGGTGTGGGTGTTGGGGTGTGGGTGAAGGGGTGTGG	1	2	3	1.41421356237	4	3	7	3.46410161514	1	2	1.41421356237	2.160246899469287										GUIDE-Seq, Cas9 nuclease + oligo, EMX1	EMX1	GAGTCCGAGCAGAAGAAGAANGG	
chr2	242838770	242838785	chr2_242838785_23	EMX1	3937	2	242838785	GGTGTGGGGGTGTGGGTGTTGGGGTGTGGGTGAAGGGGTGTGGGTGAAGG	1	22	23	4.69041575982	1	82	83	9.05538513814	1	21	4.58257569496	6.164414002968976										GUIDE-Seq, Cas9 nuclease + oligo, EMX1	EMX1	GAGTCCGAGCAGAAGAAGAANGG	
chr22	49781117	49781134	chr22_49781130_41	EMX1	4313	22	49781130	ACGTCTAAGAGATTTTTTCTATGTGCAGAGTCATACTGACTCACGTCTAA	1	40	41	6.32455532034	5	290	295	38.0788655293	38	1	6.16441400297	5.6780278266313555										GUIDE-Seq, Cas9 nuclease + oligo, EMX1	EMX1	GAGTCCGAGCAGAAGAAGAANGG	
chr3	5031614	5031615	chr3_5031614_67	EMX1	4335	3	5031614	TCTCAGGGGAATCCAAGCAGGAGAAGAAGGAGGGAAAAACCACTCTCTTC	12	55	67	25.6904651573	102	139	241	119.071407147	39	24	30.5941170816	0.5	GAATCCAAGCAGGAGAAGAAGGA	4	23	chr3	5031597	5031620	chr3_5031614_67	1	+	GUIDE-Seq, Cas9 nuclease + oligo, EMX1	EMX1	GAGTCCGAGCAGAAGAAGAANGG	
chr3	95690186	95690186	chr3_95690186_5	EMX1	4582	3	95690186	AGAACTGCCAAAATCCTTCTCTTCTTCTTCTGCTTGGATGATCATACTTA	4	1	5	2.0	8	1	9	2.82842712475	5	0	0.0	0.0	TCATCCAAGCAGAAGAAGAAGAG	5	23	chr3	95690179	95690202	chr3_95690186_5	1	-	GUIDE-Seq, Cas9 nuclease + oligo, EMX1	EMX1	GAGTCCGAGCAGAAGAAGAANGG	
chr3	197900289	197900302	chr3_197900302_48	EMX1	4885	3	197900302	AGGGTTAGGGTTGGGTTAGGGTTAGGGTTCGGGTTAGGGTTAGGGTTAGG	48	0	48	0.0	139	0	139	0.0	33	13	20.7123151772	4.108044919161819										GUIDE-Seq, Cas9 nuclease + oligo, EMX1	EMX1	GAGTCCGAGCAGAAGAAGAANGG	
chr4	191043987	191043988	chr4_191043988_2	EMX1	5429	4	191043988	TTGGGGTTGGGGTTGGGGTTGGGTTAGGGTTAGGGTTAGGGTTAGGGTTA	0	2	2	0.0	0	21	21	0.0	1	1	1.0	0.5										GUIDE-Seq, Cas9 nuclease + oligo, EMX1	EMX1	GAGTCCGAGCAGAAGAAGAANGG	
chr4	191044090	191044096	chr4_191044096_3	EMX1	5434	4	191044096	TTAGGGTTAGGGTTAGGGTTAGGGTGGTTAGGGTTAGGGTTAGGGTTAGG	2	1	3	1.41421356237	2	1	3	1.41421356237	2	1	1.41421356237	3.0										GUIDE-Seq, Cas9 nuclease + oligo, EMX1	EMX1	GAGTCCGAGCAGAAGAAGAANGG	
chr5	10477	10482	chr5_10478_7	EMX1	5440	5	10478	CCCTAACCCTAACCCTAACCCTAATCCTAACCCTAACCCTAACCCTAACC	1	6	7	2.44948974278	1	6	7	2.44948974278	5	1	2.2360679775	1.8708286933869707										GUIDE-Seq, Cas9 nuclease + oligo, EMX1	EMX1	GAGTCCGAGCAGAAGAAGAANGG	
chr5	9227160	9227166	chr5_9227162_252	EMX1	5480	5	9227162	TGCTAACAAAGTCTGAGCACAAGAAGAATGGTGAGAAGGAATACATTTTA	72	180	252	113.841995766	285	702	987	447.291851032	151	83	111.950882087	2.0591260281974	AAGTCTGAGCACAAGAAGAATGG	3	23	chr5	9227145	9227168	chr5_9227162_252	1	+	GUIDE-Seq, Cas9 nuclease + oligo, EMX1	EMX1	GAGTCCGAGCAGAAGAAGAANGG	
chr5	45359036	45359101	chr5_45359067_3295	EMX1	5615	5	45359067	GATTGCCTTTACTCCATGCCTTTCTTCTTCTGCTCTAACTCTGACAATCT	1294	2001	3295	1609.12833547	6400	9907	16307	7962.71310547	1291	1803	1525.67132765	15.059123800609203	GAGTTAGAGCAGAAGAAGAAAGG	2	23	chr5	45359060	45359083	chr5_45359067_3295	1	-	GUIDE-Seq, Cas9 nuclease + oligo, EMX1	EMX1	GAGTCCGAGCAGAAGAAGAANGG	
chr5	92079680	92079685	chr5_92079680_22	EMX1	5736	5	92079680	TACATTTCCTAGGGCAGATTAAACAACTGCCTACACATTTTTTTCCATTG	21	1	22	4.58257569496	113	2	115	15.0332963784	0	20	0.0	2.5										GUIDE-Seq, Cas9 nuclease + oligo, EMX1	EMX1	GAGTCCGAGCAGAAGAAGAANGG	
chr5	146833189	146833190	chr5_146833190_137	EMX1	5889	5	146833190	TGCAGCGGCTGGCTCCCTCCCTCCTTCTTCTGCTCCGGCTCGCCCGCGCC	0	137	137	0.0	0	431	431	0.0	94	35	57.3585215988	0.5	GAGCCGGAGCAGAAGAAGGAGGG	3	23	chr5	146833183	146833206	chr5_146833190_137	1	-	GUIDE-Seq, Cas9 nuclease + oligo, EMX1	EMX1	GAGTCCGAGCAGAAGAAGAANGG	
chr6	4471679	4471679	chr6_4471679_3	EMX1	5979	6	4471679	GTTCCCCTGGTCACCTTCTCCGTCCTGAGTCACCCCGGTCACCTGCTCTG	3	0	3	0.0	8	0	8	0.0	2	1	1.41421356237	0.0										GUIDE-Seq, Cas9 nuclease + oligo, EMX1	EMX1	GAGTCCGAGCAGAAGAAGAANGG	
chr6	9118798	9118799	chr6_9118799_40	EMX1	5992	6	9118799	ATGTCCTCAGAGTTCTGTCCATTCTTCTTCTGCTCAGACGTTTTGTCTGA	5	35	40	13.2287565553	13	138	151	42.3556371691	14	24	18.3303027798	0.5	ACGTCTGAGCAGAAGAAGAATGG	3	23	chr6	9118792	9118815	chr6_9118799_40	1	-	GUIDE-Seq, Cas9 nuclease + oligo, EMX1	EMX1	GAGTCCGAGCAGAAGAAGAANGG	
chr7	10002	10005	chr7_10005_2	EMX1	6388	7	10005	NNNNNNNNNNNNNNNNNNNNCTAACCCTAACCCTAACCCTAACCCTAACC	2	0	2	0.0	6	0	6	0.0	1	1	1.0	1.5										GUIDE-Seq, Cas9 nuclease + oligo, EMX1	EMX1	GAGTCCGAGCAGAAGAAGAANGG	
chr7	16436739	16436741	chr7_16436741_4	EMX1	6473	7	16436741	CACGTGTGAAATAAGACACGTGGACACACAACTGACAAGTTAGAGATGCG	1	3	4	1.73205080757	2	3	5	2.44948974278	1	3	1.73205080757	1.0										GUIDE-Seq, Cas9 nuclease + oligo, EMX1	EMX1	GAGTCCGAGCAGAAGAAGAANGG	
chr7	16439052	16439056	chr7_16439052_18	EMX1	6500	7	16439052	ACACCTTTGTGACATGTGACAAGTGACAAGATTGGCACATGTCCAACATG	0	18	18	0.0	0	60	60	0.0	4	14	7.48331477355	2.0										GUIDE-Seq, Cas9 nuclease + oligo, EMX1	EMX1	GAGTCCGAGCAGAAGAAGAANGG	
chr7	158133982	158133991	chr7_158133982_11	EMX1	6899	7	158133982	ACACCCACACTCTCACCATAAGAGCCGACGCCCATAGACGTCACTCACAC	7	4	11	5.29150262213	14	4	18	7.48331477355	1	9	3.0	3.681787005729087										GUIDE-Seq, Cas9 nuclease + oligo, EMX1	EMX1	GAGTCCGAGCAGAAGAAGAANGG	
chr7	158134309	158134314	chr7_158134309_6	EMX1	6901	7	158134309	CGCAGACATCACTCACACCCACACTCTCACCATAAGAGGTAACACATGCA	0	6	6	0.0	0	21	21	0.0	4	2	2.82842712475	2.5										GUIDE-Seq, Cas9 nuclease + oligo, EMX1	EMX1	GAGTCCGAGCAGAAGAAGAANGG	
chr8	128801251	128801262	chr8_128801258_407	EMX1	7307	8	128801258	CATGACCTGAGTCCTAGCAGGAGAAGAAGAGGCAGCCTAGAGTCTTCTGT	226	181	407	202.252317663	893	640	1533	755.989417915	144	236	184.347497949	3.6110940170535577	GAGTCCTAGCAGGAGAAGAAGAG	3	23	chr8	128801241	128801264	chr8_128801258_407	1	+	GUIDE-Seq, Cas9 nuclease + oligo, EMX1	EMX1	GAGTCCGAGCAGAAGAAGAANGG	
chr9	140249895	140249903	chr9_140249903_2	EMX1	7627	9	140249903	AAGGAGGATGGAGGAAGGGAGGATGGAGGAAGGAGAAAGGAGGAAGGAGG	2	0	2	0.0	2	0	2	0.0	1	1	1.0	4.0										GUIDE-Seq, Cas9 nuclease + oligo, EMX1	EMX1	GAGTCCGAGCAGAAGAAGAANGG	
chr9	140249959	140249964	chr9_140249964_2	EMX1	7628	9	140249964	AGGATGGAGGAAGGAGGAAGGAGGAAGGAGGAAGGAGGATGGAGGAAGGA	1	1	2	1.0	1	3	4	1.73205080757	0	2	0.0	2.5										GUIDE-Seq, Cas9 nuclease + oligo, EMX1	EMX1	GAGTCCGAGCAGAAGAAGAANGG	
chr9	140610509	140610516	chr9_140610509_10	EMX1	7636	9	140610509	GGGAGGAAATTGTGTTGGTGTCATGGTGGGGGGAGGAAATTGTGGTGTCG	10	0	10	0.0	43	0	43	0.0	2	8	4.0	2.8674417556808756										GUIDE-Seq, Cas9 nuclease + oligo, EMX1	EMX1	GAGTCCGAGCAGAAGAAGAANGG	
chr9	140610761	140610772	chr9_140610761_5	EMX1	7638	9	140610761	ATGGTGGGGGAGGAAGTTGTGGTGGTGTCATGGTGGGGGAGGAAGTTGTG	5	0	5	0.0	85	0	85	0.0	4	1	2.0	4.784233364802441										GUIDE-Seq, Cas9 nuclease + oligo, EMX1	EMX1	GAGTCCGAGCAGAAGAAGAANGG	
chr9	140610798	140610803	chr9_140610801_163	EMX1	7639	9	140610801	GGAAGTTGTGGTGGTGTCATGGTGGGGGAGGAAGTTGTGGTGTCATGGTG	162	1	163	12.7279220614	181	1	182	13.4536240471	11	145	39.9374510954	1.7204650534085253										GUIDE-Seq, Cas9 nuclease + oligo, EMX1	EMX1	GAGTCCGAGCAGAAGAAGAANGG	
chrMT	10666	10673	chrMT_10673_12	EMX1	7709	MT	10673	TATTGCCATACTAGTCTTTGCCGCCTGCGAAGCAGCGGTGGGCCTAGCCC	9	3	12	5.19615242271	63	24	87	38.8844441904	0	10	0.0	3.5										GUIDE-Seq, Cas9 nuclease + oligo, EMX1	EMX1	GAGTCCGAGCAGAAGAAGAANGG	
chrX	53467706	53467712	chrX_53467711_227	EMX1	7774	X	53467711	CAGGCAAGCCGCGCTGAGCCTTTCTTCTCCTTCCCGGACTCCTCACCACC	183	44	227	89.7329370967	670	229	899	391.701416898	179	39	83.5523787812	2.0591260281974	GAGTCCGGGAAGGAGAAGAAAGG	3	23	chrX	53467704	53467727	chrX_53467711_227	1	-	GUIDE-Seq, Cas9 nuclease + oligo, EMX1	EMX1	GAGTCCGAGCAGAAGAAGAANGG	
chrX	155260240	155260256	chrX_155260244_8	EMX1	7946	X	155260244	TAGGGTTAGGGTTAGGGTTAGGGTTAGGGTTAGGGTTAGGGTTAGGGTTA	8	0	8	0.0	18	0	18	0.0	3	5	3.87298334621	5.3437398472938										GUIDE-Seq, Cas9 nuclease + oligo, EMX1	EMX1	GAGTCCGAGCAGAAGAAGAANGG	
chrX	155260289	155260290	chrX_155260289_10	EMX1	7947	X	155260289	GGTTAGGGTTAGGGTGAGGGTTAGGGTTAGGGTTAGGGTTAGGGTTAGGG	0	10	10	0.0	0	54	54	0.0	1	8	2.82842712475	0.5										GUIDE-Seq, Cas9 nuclease + oligo, EMX1	EMX1	GAGTCCGAGCAGAAGAAGAANGG	
chrX	155260345	155260354	chrX_155260354_3	EMX1	7948	X	155260354	GGGTTAGGGTTAGGGTTAGGGTTAGGGTTAGGGTTAGGGTTAGGGTTAGG	1	2	3	1.41421356237	1	2	3	1.41421356237	0	3	0.0	3.858612300930075										GUIDE-Seq, Cas9 nuclease + oligo, EMX1	EMX1	GAGTCCGAGCAGAAGAAGAANGG	
chrY	6401965	6401977	chrY_6401977_6	EMX1	7950	Y	6401977	AAAATACCGACCTATATCTTAGATTTGACGGTGTCGTAAAATACCGAAGT	1	5	6	2.2360679775	1	5	6	2.2360679775	1	4	2.0	5.2493385826745405										GUIDE-Seq, Cas9 nuclease + oligo, EMX1	EMX1	GAGTCCGAGCAGAAGAAGAANGG	
