Patient,Clone,Target,Cleavage Efficiency,gRNA Name,gRNA Sequence
R5,1,ATCAGATATCCACTGACCTTTGG,0.7298100213,LTR-A,ATCAGATATCCACTGACCTT
X4,1,ACCAGATATCCACTGTGCTTTGG,0.0643910604,LTR-A,ATCAGATATCCACTGACCTT
A0019,1,ACAAGATTTCCACTGACCTTTGG,0.5559290664,LTR-A,ATCAGATATCCACTGACCTT
A0019,2,ACAAGATTTCCACTGACCTTTGG,,LTR-A,ATCAGATATCCACTGACCTT
A0020,1,ACCAGATTTCCCCTGACCTTTGG,0.2537594628,LTR-A,ATCAGATATCCACTGACCTT
A0020,2,ACCAGATTTCCCCTGACCTTTGG,,LTR-A,ATCAGATATCCACTGACCTT
A0049,1,GTCAGATACCCACTGACCTTTGG,0.915590359,LTR-A,ATCAGATATCCACTGACCTT
A0049,2,GTCAGATACCCACTGACCTTTGG,,LTR-A,ATCAGATATCCACTGACCTT
A0049,3,GTCAGATATCCACTGACCTTTGG,,LTR-A,ATCAGATATCCACTGACCTT
A0050,1,ACCAGGTTTCCACTGACCTTTGG,0.5801395488,LTR-A,ATCAGATATCCACTGACCTT
A0107,1,GTCAGATATCCACTGACCTTTGG,0.8430780702,LTR-A,ATCAGATATCCACTGACCTT
A0107,2,GTCAGATATCCACTGACCTTTGG,,LTR-A,ATCAGATATCCACTGACCTT
A0107,3,GTCAGATATCCACTGACCTTTGG,,LTR-A,ATCAGATATCCACTGACCTT
A0107,4,GTCAGATATCCACTGACCTTTGG,,LTR-A,ATCAGATATCCACTGACCTT
A0107,5,ACTAGATGGCCACTGACCTTTGG,,LTR-A,ATCAGATATCCACTGACCTT
A0107,6,GTCAGATATCCACTGACCTTTGG,,LTR-A,ATCAGATATCCACTGACCTT
